{
"lengthUnit": "mil",
"components": {
	"fields": ["COMPONENT_NO", "COMPONENT_NAME", "LAYER", "X_COORDINATE", "Y_COORDINATE", "ANGLE"],
	"rows": [
		[1, "LED1", "T", 2915, -700, 0],
		[2, "R1", "T", 2740, -2360, 0],
		[3, "R2", "T", 2590, -605, 0],
		[4, "RTC1", "T", 1985, -1315, 0],
		[5, "U1", "T", 395, -700, 0],
		[6, "U2", "T", 1890, -590, 0],
		[7, "U3", "T", 2325, -2435, 0]
	]
},
"pins": {
	"fields": ["PIN_NO", "PIN_NAME", "PIN_X", "PIN_Y", "LAYER", "PIN_TYPE", "NET_NAME", "NET_TYPE", "PAD_SHAPE", "PAD_SIZEX", "PAD_SIZEY", "HOLE_SIZE", "PAD_ANGLE"],
	"rows": [
		[1, "LED1_1", 2865, -700, "T", "DIP", "$1N1355", "", "C", 60, 60, 36, 0],
		[2, "LED1_1", 2865, -700, "B", "DIP", "$1N1355", "", "C", 60, 60, 36, 0],
		[3, "LED1_2", 2965, -700, "T", "DIP", "GND", "GND", "C", 60, 60, 36, 0],
		[4, "LED1_2", 2965, -700, "B", "DIP", "GND", "GND", "C", 60, 60, 36, 0],
		[5, "R1_1", 2598.27, -2360, "T", "DIP", "LDRPIN", "", "C", 47.24, 47.24, 31.5, 0],
		[6, "R1_1", 2598.27, -2360, "B", "DIP", "LDRPIN", "", "C", 47.24, 47.24, 31.5, 0],
		[7, "R1_2", 2881.73, -2360, "T", "DIP", "GND", "GND", "C", 47.24, 47.24, 31.5, 0],
		[8, "R1_2", 2881.73, -2360, "B", "DIP", "GND", "GND", "C", 47.24, 47.24, 31.5, 0],
		[9, "R2_1", 2448.27, -605, "T", "DIP", "$1N1283", "", "C", 47.24, 47.24, 31.5, 0],
		[10, "R2_1", 2448.27, -605, "B", "DIP", "$1N1283", "", "C", 47.24, 47.24, 31.5, 0],
		[11, "R2_2", 2731.73, -605, "T", "DIP", "$1N1355", "", "C", 47.24, 47.24, 31.5, 0],
		[12, "R2_2", 2731.73, -605, "B", "DIP", "$1N1355", "", "C", 47.24, 47.24, 31.5, 0],
		[13, "RTC1_1", 1985, -1316.86, "T", "DIP", "GND", "GND", "R", 70.87, 70.87, 47.24, 180],
		[14, "RTC1_1", 1985, -1316.86, "B", "DIP", "GND", "GND", "R", 70.87, 70.87, 47.24, 180],
		[15, "RTC1_2", 1985, -1413.42, "T", "DIP", "VCC", "", "C", 70.87, 70.87, 47.24, 90],
		[16, "RTC1_2", 1985, -1413.42, "B", "DIP", "VCC", "", "C", 70.87, 70.87, 47.24, 90],
		[17, "RTC1_3", 1985, -1511.85, "T", "DIP", "SDA", "", "C", 70.87, 70.87, 47.24, 90],
		[18, "RTC1_3", 1985, -1511.85, "B", "DIP", "SDA", "", "C", 70.87, 70.87, 47.24, 90],
		[19, "RTC1_4", 1985, -1610.28, "T", "DIP", "SCL", "", "C", 70.87, 70.87, 47.24, 90],
		[20, "RTC1_4", 1985, -1610.28, "B", "DIP", "SCL", "", "C", 70.87, 70.87, 47.24, 90],
		[21, "RTC1_5", 1985, -1708.7, "T", "DIP", "RTC1_5", "", "C", 70.87, 70.87, 47.24, 90],
		[22, "RTC1_5", 1985, -1708.7, "B", "DIP", "RTC1_5", "", "C", 70.87, 70.87, 47.24, 90],
		[23, "RTC1_6", 2988.94, -1895.71, "T", "DIP", "RTC1_6", "", "C", 70.87, 70.87, 47.24, 90],
		[24, "RTC1_6", 2988.94, -1895.71, "B", "DIP", "RTC1_6", "", "C", 70.87, 70.87, 47.24, 90],
		[25, "RTC1_7", 2988.94, -1797.28, "T", "DIP", "RTC1_7", "", "C", 70.87, 70.87, 47.24, 90],
		[26, "RTC1_7", 2988.94, -1797.28, "B", "DIP", "RTC1_7", "", "C", 70.87, 70.87, 47.24, 90],
		[27, "RTC1_8", 2988.94, -1698.86, "T", "DIP", "RTC1_8", "", "C", 70.87, 70.87, 47.24, 90],
		[28, "RTC1_8", 2988.94, -1698.86, "B", "DIP", "RTC1_8", "", "C", 70.87, 70.87, 47.24, 90],
		[29, "RTC1_9", 2988.94, -1600.43, "T", "DIP", "RTC1_9", "", "C", 70.87, 70.87, 47.24, 90],
		[30, "RTC1_9", 2988.94, -1600.43, "B", "DIP", "RTC1_9", "", "C", 70.87, 70.87, 47.24, 90],
		[31, "RTC1_10", 2988.94, -1502.01, "T", "DIP", "RTC1_10", "", "C", 70.87, 70.87, 47.24, 90],
		[32, "RTC1_10", 2988.94, -1502.01, "B", "DIP", "RTC1_10", "", "C", 70.87, 70.87, 47.24, 90],
		[33, "RTC1_11", 2988.94, -1403.58, "T", "DIP", "RTC1_11", "", "C", 70.87, 70.87, 47.24, 90],
		[34, "RTC1_11", 2988.94, -1403.58, "B", "DIP", "RTC1_11", "", "C", 70.87, 70.87, 47.24, 90],
		[35, "RTC1_12", 2988.94, -1305.16, "T", "DIP", "RTC1_12", "", "R", 70.87, 70.87, 47.24, 180],
		[36, "RTC1_12", 2988.94, -1305.16, "B", "DIP", "RTC1_12", "", "R", 70.87, 70.87, 47.24, 180],
		[37, "U1_1", 395, -700, "T", "DIP", "LDRPIN", "", "R", 60, 60, 36, 0],
		[38, "U1_1", 395, -700, "B", "DIP", "LDRPIN", "", "R", 60, 60, 36, 0],
		[39, "U1_2", 394.9, -799.9, "T", "DIP", "GND", "GND", "C", 60, 60, 36, 0],
		[40, "U1_2", 394.9, -799.9, "B", "DIP", "GND", "GND", "C", 60, 60, 36, 0],
		[41, "U1_3", 394.9, -899.9, "T", "DIP", "+5V", "", "C", 60, 60, 36, 0],
		[42, "U1_3", 394.9, -899.9, "B", "DIP", "+5V", "", "C", 60, 60, 36, 0],
		[43, "U1_4", 394.9, -999.9, "T", "DIP", "U1_4", "", "C", 60, 60, 36, 0],
		[44, "U1_4", 394.9, -999.9, "B", "DIP", "U1_4", "", "C", 60, 60, 36, 0],
		[45, "U1_5", 394.9, -1099.9, "T", "DIP", "U1_5", "", "C", 60, 60, 36, 0],
		[46, "U1_5", 394.9, -1099.9, "B", "DIP", "U1_5", "", "C", 60, 60, 36, 0],
		[47, "U1_6", 394.9, -1199.9, "T", "DIP", "U1_6", "", "C", 60, 60, 36, 0],
		[48, "U1_6", 394.9, -1199.9, "B", "DIP", "U1_6", "", "C", 60, 60, 36, 0],
		[49, "U1_7", 394.9, -1299.9, "T", "DIP", "U1_7", "", "C", 60, 60, 36, 0],
		[50, "U1_7", 394.9, -1299.9, "B", "DIP", "U1_7", "", "C", 60, 60, 36, 0],
		[51, "U1_8", 394.9, -1399.9, "T", "DIP", "U1_8", "", "C", 60, 60, 36, 0],
		[52, "U1_8", 394.9, -1399.9, "B", "DIP", "U1_8", "", "C", 60, 60, 36, 0],
		[53, "U1_9", 394.9, -1499.9, "T", "DIP", "U1_9", "", "C", 60, 60, 36, 0],
		[54, "U1_9", 394.9, -1499.9, "B", "DIP", "U1_9", "", "C", 60, 60, 36, 0],
		[55, "U1_10", 394.9, -1599.9, "T", "DIP", "U1_10", "", "C", 60, 60, 36, 0],
		[56, "U1_10", 394.9, -1599.9, "B", "DIP", "U1_10", "", "C", 60, 60, 36, 0],
		[57, "U1_11", 394.9, -1699.9, "T", "DIP", "U1_11", "", "C", 60, 60, 36, 0],
		[58, "U1_11", 394.9, -1699.9, "B", "DIP", "U1_11", "", "C", 60, 60, 36, 0],
		[59, "U1_12", 394.9, -1799.9, "T", "DIP", "U1_12", "", "C", 60, 60, 36, 0],
		[60, "U1_12", 394.9, -1799.9, "B", "DIP", "U1_12", "", "C", 60, 60, 36, 0],
		[61, "U1_13", 394.9, -1899.9, "T", "DIP", "U1_13", "", "C", 60, 60, 36, 0],
		[62, "U1_13", 394.9, -1899.9, "B", "DIP", "U1_13", "", "C", 60, 60, 36, 0],
		[63, "U1_14", 394.9, -1999.9, "T", "DIP", "U1_14", "", "C", 60, 60, 36, 0],
		[64, "U1_14", 394.9, -1999.9, "B", "DIP", "U1_14", "", "C", 60, 60, 36, 0],
		[65, "U1_15", 395, -2100, "T", "DIP", "U1_15", "", "C", 60, 60, 36, 0],
		[66, "U1_15", 395, -2100, "B", "DIP", "U1_15", "", "C", 60, 60, 36, 0],
		[67, "U1_16", 1495, -2100, "T", "DIP", "VCC", "", "C", 60, 60, 36, 0],
		[68, "U1_16", 1495, -2100, "B", "DIP", "VCC", "", "C", 60, 60, 36, 0],
		[69, "U1_16", 1194.21, -2101.58, "T", "DIP", "VCC", "", "C", 60, 60, 36, 0],
		[70, "U1_16", 1194.21, -2101.58, "B", "DIP", "VCC", "", "C", 60, 60, 36, 0],
		[71, "U1_17", 1495, -2000, "T", "DIP", "U1_17", "", "C", 60, 60, 36, 0],
		[72, "U1_17", 1495, -2000, "B", "DIP", "U1_17", "", "C", 60, 60, 36, 0],
		[73, "U1_17", 1195, -2000, "T", "DIP", "U1_A_17", "", "C", 60, 60, 36, 0],
		[74, "U1_17", 1195, -2000, "B", "DIP", "U1_A_17", "", "C", 60, 60, 36, 0],
		[75, "U1_18", 1495, -1900, "T", "DIP", "U1_18", "", "C", 60, 60, 36, 0],
		[76, "U1_18", 1495, -1900, "B", "DIP", "U1_18", "", "C", 60, 60, 36, 0],
		[77, "U1_18", 1195, -1900, "T", "DIP", "U1_A_18", "", "C", 60, 60, 36, 0],
		[78, "U1_18", 1195, -1900, "B", "DIP", "U1_A_18", "", "C", 60, 60, 36, 0],
		[79, "U1_19", 1495, -1800, "T", "DIP", "U1_19", "", "C", 60, 60, 36, 0],
		[80, "U1_19", 1495, -1800, "B", "DIP", "U1_19", "", "C", 60, 60, 36, 0],
		[81, "U1_19", 1195, -1800, "T", "DIP", "U1_A_19", "", "C", 60, 60, 36, 0],
		[82, "U1_19", 1195, -1800, "B", "DIP", "U1_A_19", "", "C", 60, 60, 36, 0],
		[83, "U1_20", 1495, -1700, "T", "DIP", "U1_20", "", "C", 60, 60, 36, 0],
		[84, "U1_20", 1495, -1700, "B", "DIP", "U1_20", "", "C", 60, 60, 36, 0],
		[85, "U1_20", 1195, -1700, "T", "DIP", "U1_A_20", "", "C", 60, 60, 36, 0],
		[86, "U1_20", 1195, -1700, "B", "DIP", "U1_A_20", "", "C", 60, 60, 36, 0],
		[87, "U1_21", 1495, -1600, "T", "DIP", "U1_21", "", "C", 60, 60, 36, 0],
		[88, "U1_21", 1495, -1600, "B", "DIP", "U1_21", "", "C", 60, 60, 36, 0],
		[89, "U1_21", 1195, -1600, "T", "DIP", "U1_A_21", "", "C", 60, 60, 36, 0],
		[90, "U1_21", 1195, -1600, "B", "DIP", "U1_A_21", "", "C", 60, 60, 36, 0],
		[91, "U1_22", 1495, -1500, "T", "DIP", "$1N1283", "", "C", 60, 60, 36, 0],
		[92, "U1_22", 1495, -1500, "B", "DIP", "$1N1283", "", "C", 60, 60, 36, 0],
		[93, "U1_22", 1195, -1500, "T", "DIP", "$1N1283", "", "C", 60, 60, 36, 0],
		[94, "U1_22", 1195, -1500, "B", "DIP", "$1N1283", "", "C", 60, 60, 36, 0],
		[95, "U1_23", 1495, -1400, "T", "DIP", "PIR", "", "C", 60, 60, 36, 0],
		[96, "U1_23", 1495, -1400, "B", "DIP", "PIR", "", "C", 60, 60, 36, 0],
		[97, "U1_23", 1195, -1400, "T", "DIP", "PIR", "", "C", 60, 60, 36, 0],
		[98, "U1_23", 1195, -1400, "B", "DIP", "PIR", "", "C", 60, 60, 36, 0],
		[99, "U1_24", 1495, -1300, "T", "DIP", "U1_24", "", "C", 60, 60, 36, 0],
		[100, "U1_24", 1495, -1300, "B", "DIP", "U1_24", "", "C", 60, 60, 36, 0],
		[101, "U1_24", 1195, -1300, "T", "DIP", "U1_A_24", "", "C", 60, 60, 36, 0],
		[102, "U1_24", 1195, -1300, "B", "DIP", "U1_A_24", "", "C", 60, 60, 36, 0],
		[103, "U1_25", 1495, -1200, "T", "DIP", "U1_25", "", "C", 60, 60, 36, 0],
		[104, "U1_25", 1495, -1200, "B", "DIP", "U1_25", "", "C", 60, 60, 36, 0],
		[105, "U1_25", 1195, -1200, "T", "DIP", "U1_A_25", "", "C", 60, 60, 36, 0],
		[106, "U1_25", 1195, -1200, "B", "DIP", "U1_A_25", "", "C", 60, 60, 36, 0],
		[107, "U1_26", 1495, -1100, "T", "DIP", "U1_26", "", "C", 60, 60, 36, 0],
		[108, "U1_26", 1495, -1100, "B", "DIP", "U1_26", "", "C", 60, 60, 36, 0],
		[109, "U1_26", 1195, -1100, "T", "DIP", "U1_A_26", "", "C", 60, 60, 36, 0],
		[110, "U1_26", 1195, -1100, "B", "DIP", "U1_A_26", "", "C", 60, 60, 36, 0],
		[111, "U1_27", 1495, -1000, "T", "DIP", "U1_27", "", "C", 60, 60, 36, 0],
		[112, "U1_27", 1495, -1000, "B", "DIP", "U1_27", "", "C", 60, 60, 36, 0],
		[113, "U1_27", 1195, -1000, "T", "DIP", "U1_A_27", "", "C", 60, 60, 36, 0],
		[114, "U1_27", 1195, -1000, "B", "DIP", "U1_A_27", "", "C", 60, 60, 36, 0],
		[115, "U1_28", 1495, -900, "T", "DIP", "SDA", "", "C", 60, 60, 36, 0],
		[116, "U1_28", 1495, -900, "B", "DIP", "SDA", "", "C", 60, 60, 36, 0],
		[117, "U1_28", 1195, -900, "T", "DIP", "SDA", "", "C", 60, 60, 36, 0],
		[118, "U1_28", 1195, -900, "B", "DIP", "SDA", "", "C", 60, 60, 36, 0],
		[119, "U1_29", 1495, -800, "T", "DIP", "SCL", "", "C", 60, 60, 36, 0],
		[120, "U1_29", 1495, -800, "B", "DIP", "SCL", "", "C", 60, 60, 36, 0],
		[121, "U1_29", 1195, -800, "T", "DIP", "SCL", "", "C", 60, 60, 36, 0],
		[122, "U1_29", 1195, -800, "B", "DIP", "SCL", "", "C", 60, 60, 36, 0],
		[123, "U1_30", 1495, -700, "T", "DIP", "U1_30", "", "C", 60, 60, 36, 0],
		[124, "U1_30", 1495, -700, "B", "DIP", "U1_30", "", "C", 60, 60, 36, 0],
		[125, "U1_30", 1195, -700, "T", "DIP", "U1_A_30", "", "C", 60, 60, 36, 0],
		[126, "U1_30", 1195, -700, "B", "DIP", "U1_A_30", "", "C", 60, 60, 36, 0],
		[127, "U2_1", 1790, -540, "T", "DIP", "+5V", "", "C", 60, 60, 35.43, 0],
		[128, "U2_1", 1790, -540, "B", "DIP", "+5V", "", "C", 60, 60, 35.43, 0],
		[129, "U2_2", 1890, -640, "T", "DIP", "PIR", "", "C", 60, 60, 35.43, 0],
		[130, "U2_2", 1890, -640, "B", "DIP", "PIR", "", "C", 60, 60, 35.43, 0],
		[131, "U2_3", 1990, -540, "T", "DIP", "GND", "GND", "C", 60, 60, 35.43, 0],
		[132, "U2_3", 1990, -540, "B", "DIP", "GND", "GND", "C", 60, 60, 35.43, 0],
		[133, "U3_3", 2325, -2368.1, "T", "DIP", "LDRPIN", "", "C", 49.21, 49.21, 19.69, 0],
		[134, "U3_3", 2325, -2368.1, "B", "DIP", "LDRPIN", "", "C", 49.21, 49.21, 19.69, 0],
		[135, "U3_4", 2325, -2501.9, "T", "DIP", "VCC", "", "C", 49.21, 49.21, 19.69, 0],
		[136, "U3_4", 2325, -2501.9, "B", "DIP", "VCC", "", "C", 49.21, 49.21, 19.69, 0]
	]
}
}